function,source_line,action,reason,phase2_batch,consumer_checks_required,testing_required
getAllUniqueHeaders_,344,REMOVED_IN_V1.6.71,No identifier reference outside own function body in v1.6.70; registry marked aggressive internal candidate.,AGGRESSIVE_INTERNAL_CANDIDATE,direct callers; string references; menu callbacks; triggers; HTML/google.script.run; external/library consumers; Dashboard Quality/Health checks,syntax; menu callback scan; Dashboard Quality; full workflow staging pass
getColumnStandards_,363,REMOVED_IN_V1.6.71,No identifier reference outside own function body in v1.6.70; registry marked aggressive internal candidate.,AGGRESSIVE_INTERNAL_CANDIDATE,direct callers; string references; menu callbacks; triggers; HTML/google.script.run; external/library consumers; Dashboard Quality/Health checks,syntax; menu callback scan; Dashboard Quality; full workflow staging pass
copyChangedPMRsFromDemoPToMasterList_,1440,REMOVED_IN_V1.6.71,No identifier reference outside own function body in v1.6.70; registry marked aggressive internal candidate.,AGGRESSIVE_INTERNAL_CANDIDATE,direct callers; string references; menu callbacks; triggers; HTML/google.script.run; external/library consumers; Dashboard Quality/Health checks,syntax; menu callback scan; Dashboard Quality; full workflow staging pass
applyFinalRowHeightLock_,1475,REMOVED_IN_V1.6.71,No identifier reference outside own function body in v1.6.70; registry marked aggressive internal candidate.,AGGRESSIVE_INTERNAL_CANDIDATE,direct callers; string references; menu callbacks; triggers; HTML/google.script.run; external/library consumers; Dashboard Quality/Health checks,syntax; menu callback scan; Dashboard Quality; full workflow staging pass
dateOnlyLocalClone_,1666,REMOVED_IN_V1.6.71,No identifier reference outside own function body in v1.6.70; registry marked aggressive internal candidate.,AGGRESSIVE_INTERNAL_CANDIDATE,direct callers; string references; menu callbacks; triggers; HTML/google.script.run; external/library consumers; Dashboard Quality/Health checks,syntax; menu callback scan; Dashboard Quality; full workflow staging pass
resizeSheetMinimum_,1755,REMOVED_IN_V1.6.71,No identifier reference outside own function body in v1.6.70; registry marked aggressive internal candidate.,AGGRESSIVE_INTERNAL_CANDIDATE,direct callers; string references; menu callbacks; triggers; HTML/google.script.run; external/library consumers; Dashboard Quality/Health checks,syntax; menu callback scan; Dashboard Quality; full workflow staging pass
addRuntimeCounter_,1912,REMOVED_IN_V1.6.71,No identifier reference outside own function body in v1.6.70; registry marked aggressive internal candidate.,AGGRESSIVE_INTERNAL_CANDIDATE,direct callers; string references; menu callbacks; triggers; HTML/google.script.run; external/library consumers; Dashboard Quality/Health checks,syntax; menu callback scan; Dashboard Quality; full workflow staging pass
logRuntimeInfo_,1917,REMOVED_IN_V1.6.71,No identifier reference outside own function body in v1.6.70; registry marked aggressive internal candidate.,AGGRESSIVE_INTERNAL_CANDIDATE,direct callers; string references; menu callbacks; triggers; HTML/google.script.run; external/library consumers; Dashboard Quality/Health checks,syntax; menu callback scan; Dashboard Quality; full workflow staging pass
logRuntimeError_,1927,REMOVED_IN_V1.6.71,No identifier reference outside own function body in v1.6.70; registry marked aggressive internal candidate.,AGGRESSIVE_INTERNAL_CANDIDATE,direct callers; string references; menu callbacks; triggers; HTML/google.script.run; external/library consumers; Dashboard Quality/Health checks,syntax; menu callback scan; Dashboard Quality; full workflow staging pass
getRuntimeTimingReportName_,1961,REMOVED_IN_V1.6.71,No identifier reference outside own function body in v1.6.70; registry marked aggressive internal candidate.,AGGRESSIVE_INTERNAL_CANDIDATE,direct callers; string references; menu callbacks; triggers; HTML/google.script.run; external/library consumers; Dashboard Quality/Health checks,syntax; menu callback scan; Dashboard Quality; full workflow staging pass
ensureFrameworkTimingReportShell_,2410,REMOVED_IN_V1.6.71,No identifier reference outside own function body in v1.6.70; registry marked aggressive internal candidate.,AGGRESSIVE_INTERNAL_CANDIDATE,direct callers; string references; menu callbacks; triggers; HTML/google.script.run; external/library consumers; Dashboard Quality/Health checks,syntax; menu callback scan; Dashboard Quality; full workflow staging pass
getFrameworkTimingDetailStartRow_,2419,REMOVED_IN_V1.6.71,No identifier reference outside own function body in v1.6.70; registry marked aggressive internal candidate.,AGGRESSIVE_INTERNAL_CANDIDATE,direct callers; string references; menu callbacks; triggers; HTML/google.script.run; external/library consumers; Dashboard Quality/Health checks,syntax; menu callback scan; Dashboard Quality; full workflow staging pass
getFormatDashboardSectionNames_,3335,REMOVED_IN_V1.6.71,No identifier reference outside own function body in v1.6.70; registry marked aggressive internal candidate.,AGGRESSIVE_INTERNAL_CANDIDATE,direct callers; string references; menu callbacks; triggers; HTML/google.script.run; external/library consumers; Dashboard Quality/Health checks,syntax; menu callback scan; Dashboard Quality; full workflow staging pass
shouldRefreshTemplateMetadataOnly_,4490,REMOVED_IN_V1.6.71,No identifier reference outside own function body in v1.6.70; registry marked aggressive internal candidate.,AGGRESSIVE_INTERNAL_CANDIDATE,direct callers; string references; menu callbacks; triggers; HTML/google.script.run; external/library consumers; Dashboard Quality/Health checks,syntax; menu callback scan; Dashboard Quality; full workflow staging pass
shouldSkipTemplateResize_,4650,REMOVED_IN_V1.6.71,No identifier reference outside own function body in v1.6.70; registry marked aggressive internal candidate.,AGGRESSIVE_INTERNAL_CANDIDATE,direct callers; string references; menu callbacks; triggers; HTML/google.script.run; external/library consumers; Dashboard Quality/Health checks,syntax; menu callback scan; Dashboard Quality; full workflow staging pass
applyFinalRowHeightLockForSheetType_,4695,REMOVED_IN_V1.6.71,No identifier reference outside own function body in v1.6.70; registry marked aggressive internal candidate.,AGGRESSIVE_INTERNAL_CANDIDATE,direct callers; string references; menu callbacks; triggers; HTML/google.script.run; external/library consumers; Dashboard Quality/Health checks,syntax; menu callback scan; Dashboard Quality; full workflow staging pass
applyDateAndNumberFormats_,5040,REMOVED_IN_V1.6.71,No identifier reference outside own function body in v1.6.70; registry marked aggressive internal candidate.,AGGRESSIVE_INTERNAL_CANDIDATE,direct callers; string references; menu callbacks; triggers; HTML/google.script.run; external/library consumers; Dashboard Quality/Health checks,syntax; menu callback scan; Dashboard Quality; full workflow staging pass
resizeSheet_,5516,REMOVED_IN_V1.6.71,No identifier reference outside own function body in v1.6.70; registry marked aggressive internal candidate.,AGGRESSIVE_INTERNAL_CANDIDATE,direct callers; string references; menu callbacks; triggers; HTML/google.script.run; external/library consumers; Dashboard Quality/Health checks,syntax; menu callback scan; Dashboard Quality; full workflow staging pass
resizeSheetRows_,5574,REMOVED_IN_V1.6.71,No identifier reference outside own function body in v1.6.70; registry marked aggressive internal candidate.,AGGRESSIVE_INTERNAL_CANDIDATE,direct callers; string references; menu callbacks; triggers; HTML/google.script.run; external/library consumers; Dashboard Quality/Health checks,syntax; menu callback scan; Dashboard Quality; full workflow staging pass
resizeSheetColumns_,5579,REMOVED_IN_V1.6.71,No identifier reference outside own function body in v1.6.70; registry marked aggressive internal candidate.,AGGRESSIVE_INTERNAL_CANDIDATE,direct callers; string references; menu callbacks; triggers; HTML/google.script.run; external/library consumers; Dashboard Quality/Health checks,syntax; menu callback scan; Dashboard Quality; full workflow staging pass
getPreviousMasterListSheet_,6086,REMOVED_IN_V1.6.71,No identifier reference outside own function body in v1.6.70; registry marked aggressive internal candidate.,AGGRESSIVE_INTERNAL_CANDIDATE,direct callers; string references; menu callbacks; triggers; HTML/google.script.run; external/library consumers; Dashboard Quality/Health checks,syntax; menu callback scan; Dashboard Quality; full workflow staging pass
getCurrentMasterListSheet_,6092,REMOVED_IN_V1.6.71,No identifier reference outside own function body in v1.6.70; registry marked aggressive internal candidate.,AGGRESSIVE_INTERNAL_CANDIDATE,direct callers; string references; menu callbacks; triggers; HTML/google.script.run; external/library consumers; Dashboard Quality/Health checks,syntax; menu callback scan; Dashboard Quality; full workflow staging pass
captureHiddenSheetNames_,6160,REMOVED_IN_V1.6.71,No identifier reference outside own function body in v1.6.70; registry marked aggressive internal candidate.,AGGRESSIVE_INTERNAL_CANDIDATE,direct callers; string references; menu callbacks; triggers; HTML/google.script.run; external/library consumers; Dashboard Quality/Health checks,syntax; menu callback scan; Dashboard Quality; full workflow staging pass
restorePreviouslyHiddenSheets_,6169,REMOVED_IN_V1.6.71,No identifier reference outside own function body in v1.6.70; registry marked aggressive internal candidate.,AGGRESSIVE_INTERNAL_CANDIDATE,direct callers; string references; menu callbacks; triggers; HTML/google.script.run; external/library consumers; Dashboard Quality/Health checks,syntax; menu callback scan; Dashboard Quality; full workflow staging pass
finalizeWorkflowAfterCreateOrUpdate_,6186,REMOVED_IN_V1.6.71,No identifier reference outside own function body in v1.6.70; registry marked aggressive internal candidate.,AGGRESSIVE_INTERNAL_CANDIDATE,direct callers; string references; menu callbacks; triggers; HTML/google.script.run; external/library consumers; Dashboard Quality/Health checks,syntax; menu callback scan; Dashboard Quality; full workflow staging pass
hidePreviousMonthSheets_,6198,REMOVED_IN_V1.6.71,No identifier reference outside own function body in v1.6.70; registry marked aggressive internal candidate.,AGGRESSIVE_INTERNAL_CANDIDATE,direct callers; string references; menu callbacks; triggers; HTML/google.script.run; external/library consumers; Dashboard Quality/Health checks,syntax; menu callback scan; Dashboard Quality; full workflow staging pass
applyIndexSheetRowFills_,6217,REMOVED_IN_V1.6.71,No identifier reference outside own function body in v1.6.70; registry marked aggressive internal candidate.,AGGRESSIVE_INTERNAL_CANDIDATE,direct callers; string references; menu callbacks; triggers; HTML/google.script.run; external/library consumers; Dashboard Quality/Health checks,syntax; menu callback scan; Dashboard Quality; full workflow staging pass
applyCurrentVsOlderTabColors_,6238,REMOVED_IN_V1.6.71,No identifier reference outside own function body in v1.6.70; registry marked aggressive internal candidate.,AGGRESSIVE_INTERNAL_CANDIDATE,direct callers; string references; menu callbacks; triggers; HTML/google.script.run; external/library consumers; Dashboard Quality/Health checks,syntax; menu callback scan; Dashboard Quality; full workflow staging pass
organizeSheetTabs_,6261,REMOVED_IN_V1.6.71,No identifier reference outside own function body in v1.6.70; registry marked aggressive internal candidate.,AGGRESSIVE_INTERNAL_CANDIDATE,direct callers; string references; menu callbacks; triggers; HTML/google.script.run; external/library consumers; Dashboard Quality/Health checks,syntax; menu callback scan; Dashboard Quality; full workflow staging pass
formatDateColumnsByHeader_,6265,REMOVED_IN_V1.6.71,No identifier reference outside own function body in v1.6.70; registry marked aggressive internal candidate.,AGGRESSIVE_INTERNAL_CANDIDATE,direct callers; string references; menu callbacks; triggers; HTML/google.script.run; external/library consumers; Dashboard Quality/Health checks,syntax; menu callback scan; Dashboard Quality; full workflow staging pass
rowObjectFromHeaders_,6284,REMOVED_IN_V1.6.71,No identifier reference outside own function body in v1.6.70; registry marked aggressive internal candidate.,AGGRESSIVE_INTERNAL_CANDIDATE,direct callers; string references; menu callbacks; triggers; HTML/google.script.run; external/library consumers; Dashboard Quality/Health checks,syntax; menu callback scan; Dashboard Quality; full workflow staging pass
setMonthlySheetNameFast_,6312,REMOVED_IN_V1.6.71,No identifier reference outside own function body in v1.6.70; registry marked aggressive internal candidate.,AGGRESSIVE_INTERNAL_CANDIDATE,direct callers; string references; menu callbacks; triggers; HTML/google.script.run; external/library consumers; Dashboard Quality/Health checks,syntax; menu callback scan; Dashboard Quality; full workflow staging pass
isDateDisplayInReportWindow_,6536,REMOVED_IN_V1.6.71,No identifier reference outside own function body in v1.6.70; registry marked aggressive internal candidate.,AGGRESSIVE_INTERNAL_CANDIDATE,direct callers; string references; menu callbacks; triggers; HTML/google.script.run; external/library consumers; Dashboard Quality/Health checks,syntax; menu callback scan; Dashboard Quality; full workflow staging pass
buildMonthlySheetNameNoDashAfterPrefix_,6755,REMOVED_IN_V1.6.71,No identifier reference outside own function body in v1.6.70; registry marked aggressive internal candidate.,AGGRESSIVE_INTERNAL_CANDIDATE,direct callers; string references; menu callbacks; triggers; HTML/google.script.run; external/library consumers; Dashboard Quality/Health checks,syntax; menu callback scan; Dashboard Quality; full workflow staging pass
renameSheetSafely_,6771,REMOVED_IN_V1.6.71,No identifier reference outside own function body in v1.6.70; registry marked aggressive internal candidate.,AGGRESSIVE_INTERNAL_CANDIDATE,direct callers; string references; menu callbacks; triggers; HTML/google.script.run; external/library consumers; Dashboard Quality/Health checks,syntax; menu callback scan; Dashboard Quality; full workflow staging pass
ensureRawDataHeaderRows_,7747,REMOVED_IN_V1.6.71,No identifier reference outside own function body in v1.6.70; registry marked aggressive internal candidate.,AGGRESSIVE_INTERNAL_CANDIDATE,direct callers; string references; menu callbacks; triggers; HTML/google.script.run; external/library consumers; Dashboard Quality/Health checks,syntax; menu callback scan; Dashboard Quality; full workflow staging pass
getRawDataCurrentHeadersOrDefaults_,7775,REMOVED_IN_V1.6.71,No identifier reference outside own function body in v1.6.70; registry marked aggressive internal candidate.,AGGRESSIVE_INTERNAL_CANDIDATE,direct callers; string references; menu callbacks; triggers; HTML/google.script.run; external/library consumers; Dashboard Quality/Health checks,syntax; menu callback scan; Dashboard Quality; full workflow staging pass
enforceDemoPStrictDashboardSchema_,7782,REMOVED_IN_V1.6.71,No identifier reference outside own function body in v1.6.70; registry marked aggressive internal candidate.,AGGRESSIVE_INTERNAL_CANDIDATE,direct callers; string references; menu callbacks; triggers; HTML/google.script.run; external/library consumers; Dashboard Quality/Health checks,syntax; menu callback scan; Dashboard Quality; full workflow staging pass
buildRawDataSourceArchiveName_,7826,REMOVED_IN_V1.6.71,No identifier reference outside own function body in v1.6.70; registry marked aggressive internal candidate.,AGGRESSIVE_INTERNAL_CANDIDATE,direct callers; string references; menu callbacks; triggers; HTML/google.script.run; external/library consumers; Dashboard Quality/Health checks,syntax; menu callback scan; Dashboard Quality; full workflow staging pass
collectAndClearMovedTitleInfoCells_,8408,REMOVED_IN_V1.6.71,No identifier reference outside own function body in v1.6.70; registry marked aggressive internal candidate.,AGGRESSIVE_INTERNAL_CANDIDATE,direct callers; string references; menu callbacks; triggers; HTML/google.script.run; external/library consumers; Dashboard Quality/Health checks,syntax; menu callback scan; Dashboard Quality; full workflow staging pass
prepareRawDataSourceSheetForDashboardFormat_,8419,REMOVED_IN_V1.6.71,No identifier reference outside own function body in v1.6.70; registry marked aggressive internal candidate.,AGGRESSIVE_INTERNAL_CANDIDATE,direct callers; string references; menu callbacks; triggers; HTML/google.script.run; external/library consumers; Dashboard Quality/Health checks,syntax; menu callback scan; Dashboard Quality; full workflow staging pass
buildRawDataHeadersForFormatting_,8433,REMOVED_IN_V1.6.71,No identifier reference outside own function body in v1.6.70; registry marked aggressive internal candidate.,AGGRESSIVE_INTERNAL_CANDIDATE,direct callers; string references; menu callbacks; triggers; HTML/google.script.run; external/library consumers; Dashboard Quality/Health checks,syntax; menu callback scan; Dashboard Quality; full workflow staging pass
getRawDataDisallowedWorkingColumns_,8580,REMOVED_IN_V1.6.71,No identifier reference outside own function body in v1.6.70; registry marked aggressive internal candidate.,AGGRESSIVE_INTERNAL_CANDIDATE,direct callers; string references; menu callbacks; triggers; HTML/google.script.run; external/library consumers; Dashboard Quality/Health checks,syntax; menu callback scan; Dashboard Quality; full workflow staging pass
syncMasterListFromBanners_,8931,REMOVED_IN_V1.6.71,No identifier reference outside own function body in v1.6.70; registry marked aggressive internal candidate.,AGGRESSIVE_INTERNAL_CANDIDATE,direct callers; string references; menu callbacks; triggers; HTML/google.script.run; external/library consumers; Dashboard Quality/Health checks,syntax; menu callback scan; Dashboard Quality; full workflow staging pass
getDefaultDemoPMetadataHeaderRows_v155_,9194,REMOVED_IN_V1.6.71,No identifier reference outside own function body in v1.6.70; registry marked aggressive internal candidate.,AGGRESSIVE_INTERNAL_CANDIDATE,direct callers; string references; menu callbacks; triggers; HTML/google.script.run; external/library consumers; Dashboard Quality/Health checks,syntax; menu callback scan; Dashboard Quality; full workflow staging pass
processDemoPDataWithFillBlankMask_,9591,REMOVED_IN_V1.6.71,No identifier reference outside own function body in v1.6.70; registry marked aggressive internal candidate.,AGGRESSIVE_INTERNAL_CANDIDATE,direct callers; string references; menu callbacks; triggers; HTML/google.script.run; external/library consumers; Dashboard Quality/Health checks,syntax; menu callback scan; Dashboard Quality; full workflow staging pass
flattenDemoPContactsToPrimaryRows_,9715,REMOVED_IN_V1.6.71,No identifier reference outside own function body in v1.6.70; registry marked aggressive internal candidate.,AGGRESSIVE_INTERNAL_CANDIDATE,direct callers; string references; menu callbacks; triggers; HTML/google.script.run; external/library consumers; Dashboard Quality/Health checks,syntax; menu callback scan; Dashboard Quality; full workflow staging pass
markPrimaryPMRRowsForSequentialData_,9937,REMOVED_IN_V1.6.71,No identifier reference outside own function body in v1.6.70; registry marked aggressive internal candidate.,AGGRESSIVE_INTERNAL_CANDIDATE,direct callers; string references; menu callbacks; triggers; HTML/google.script.run; external/library consumers; Dashboard Quality/Health checks,syntax; menu callback scan; Dashboard Quality; full workflow staging pass
deleteSheetIfExistsForDemoPProcess_,10071,REMOVED_IN_V1.6.71,No identifier reference outside own function body in v1.6.70; registry marked aggressive internal candidate.,AGGRESSIVE_INTERNAL_CANDIDATE,direct callers; string references; menu callbacks; triggers; HTML/google.script.run; external/library consumers; Dashboard Quality/Health checks,syntax; menu callback scan; Dashboard Quality; full workflow staging pass
getOrCreateDemoPTemplate_,10403,REMOVED_IN_V1.6.71,No identifier reference outside own function body in v1.6.70; registry marked aggressive internal candidate.,AGGRESSIVE_INTERNAL_CANDIDATE,direct callers; string references; menu callbacks; triggers; HTML/google.script.run; external/library consumers; Dashboard Quality/Health checks,syntax; menu callback scan; Dashboard Quality; full workflow staging pass
initializeDemoPTemplateTitleRows_,10410,REMOVED_IN_V1.6.71,No identifier reference outside own function body in v1.6.70; registry marked aggressive internal candidate.,AGGRESSIVE_INTERNAL_CANDIDATE,direct callers; string references; menu callbacks; triggers; HTML/google.script.run; external/library consumers; Dashboard Quality/Health checks,syntax; menu callback scan; Dashboard Quality; full workflow staging pass
applyDemoPTemplateFormatting_,10426,REMOVED_IN_V1.6.71,No identifier reference outside own function body in v1.6.70; registry marked aggressive internal candidate.,AGGRESSIVE_INTERNAL_CANDIDATE,direct callers; string references; menu callbacks; triggers; HTML/google.script.run; external/library consumers; Dashboard Quality/Health checks,syntax; menu callback scan; Dashboard Quality; full workflow staging pass
getOrBuildMonthlyChangeReport_,10666,REMOVED_IN_V1.6.71,No identifier reference outside own function body in v1.6.70; registry marked aggressive internal candidate.,AGGRESSIVE_INTERNAL_CANDIDATE,direct callers; string references; menu callbacks; triggers; HTML/google.script.run; external/library consumers; Dashboard Quality/Health checks,syntax; menu callback scan; Dashboard Quality; full workflow staging pass
compareRawDemoPForChanges_,10951,REMOVED_IN_V1.6.71,No identifier reference outside own function body in v1.6.70; registry marked aggressive internal candidate.,AGGRESSIVE_INTERNAL_CANDIDATE,direct callers; string references; menu callbacks; triggers; HTML/google.script.run; external/library consumers; Dashboard Quality/Health checks,syntax; menu callback scan; Dashboard Quality; full workflow staging pass
getChangedPMRsFromMonthlyChangeReport_,11586,REMOVED_IN_V1.6.71,No identifier reference outside own function body in v1.6.70; registry marked aggressive internal candidate.,AGGRESSIVE_INTERNAL_CANDIDATE,direct callers; string references; menu callbacks; triggers; HTML/google.script.run; external/library consumers; Dashboard Quality/Health checks,syntax; menu callback scan; Dashboard Quality; full workflow staging pass
writeDiagnosticReport_,11680,REMOVED_IN_V1.6.71,No identifier reference outside own function body in v1.6.70; registry marked aggressive internal candidate.,AGGRESSIVE_INTERNAL_CANDIDATE,direct callers; string references; menu callbacks; triggers; HTML/google.script.run; external/library consumers; Dashboard Quality/Health checks,syntax; menu callback scan; Dashboard Quality; full workflow staging pass
getMasterListTemplateHeaders_,12012,REMOVED_IN_V1.6.71,No identifier reference outside own function body in v1.6.70; registry marked aggressive internal candidate.,AGGRESSIVE_INTERNAL_CANDIDATE,direct callers; string references; menu callbacks; triggers; HTML/google.script.run; external/library consumers; Dashboard Quality/Health checks,syntax; menu callback scan; Dashboard Quality; full workflow staging pass
getOrCreateMasterListTemplate_,12027,REMOVED_IN_V1.6.71,No identifier reference outside own function body in v1.6.70; registry marked aggressive internal candidate.,AGGRESSIVE_INTERNAL_CANDIDATE,direct callers; string references; menu callbacks; triggers; HTML/google.script.run; external/library consumers; Dashboard Quality/Health checks,syntax; menu callback scan; Dashboard Quality; full workflow staging pass
initializeMasterListTitleRows_,12098,REMOVED_IN_V1.6.71,No identifier reference outside own function body in v1.6.70; registry marked aggressive internal candidate.,AGGRESSIVE_INTERNAL_CANDIDATE,direct callers; string references; menu callbacks; triggers; HTML/google.script.run; external/library consumers; Dashboard Quality/Health checks,syntax; menu callback scan; Dashboard Quality; full workflow staging pass
copyDemoPHeaderRowsToMasterList_,12107,REMOVED_IN_V1.6.71,No identifier reference outside own function body in v1.6.70; registry marked aggressive internal candidate.,AGGRESSIVE_INTERNAL_CANDIDATE,direct callers; string references; menu callbacks; triggers; HTML/google.script.run; external/library consumers; Dashboard Quality/Health checks,syntax; menu callback scan; Dashboard Quality; full workflow staging pass
copyQualifyingDemoPRowsToMasterList_,12125,REMOVED_IN_V1.6.71,No identifier reference outside own function body in v1.6.70; registry marked aggressive internal candidate.,AGGRESSIVE_INTERNAL_CANDIDATE,direct callers; string references; menu callbacks; triggers; HTML/google.script.run; external/library consumers; Dashboard Quality/Health checks,syntax; menu callback scan; Dashboard Quality; full workflow staging pass
formatMasterListSheet_,12152,REMOVED_IN_V1.6.71,No identifier reference outside own function body in v1.6.70; registry marked aggressive internal candidate.,AGGRESSIVE_INTERNAL_CANDIDATE,direct callers; string references; menu callbacks; triggers; HTML/google.script.run; external/library consumers; Dashboard Quality/Health checks,syntax; menu callback scan; Dashboard Quality; full workflow staging pass
updateCopiedMasterListHeader_,12172,REMOVED_IN_V1.6.71,No identifier reference outside own function body in v1.6.70; registry marked aggressive internal candidate.,AGGRESSIVE_INTERNAL_CANDIDATE,direct callers; string references; menu callbacks; triggers; HTML/google.script.run; external/library consumers; Dashboard Quality/Health checks,syntax; menu callback scan; Dashboard Quality; full workflow staging pass
getUnformattedImportSheetNamesForIndex_,12229,REMOVED_IN_V1.6.71,No identifier reference outside own function body in v1.6.70; registry marked aggressive internal candidate.,AGGRESSIVE_INTERNAL_CANDIDATE,direct callers; string references; menu callbacks; triggers; HTML/google.script.run; external/library consumers; Dashboard Quality/Health checks,syntax; menu callback scan; Dashboard Quality; full workflow staging pass
getIndexTriggerRelevantSheetSignature_,12436,REMOVED_IN_V1.6.71,No identifier reference outside own function body in v1.6.70; registry marked aggressive internal candidate.,AGGRESSIVE_INTERNAL_CANDIDATE,direct callers; string references; menu callbacks; triggers; HTML/google.script.run; external/library consumers; Dashboard Quality/Health checks,syntax; menu callback scan; Dashboard Quality; full workflow staging pass
parseIndexMonthDate_,12673,REMOVED_IN_V1.6.71,No identifier reference outside own function body in v1.6.70; registry marked aggressive internal candidate.,AGGRESSIVE_INTERNAL_CANDIDATE,direct callers; string references; menu callbacks; triggers; HTML/google.script.run; external/library consumers; Dashboard Quality/Health checks,syntax; menu callback scan; Dashboard Quality; full workflow staging pass
applySortOrderDisplayForMasterList_,12769,REMOVED_IN_V1.6.71,No identifier reference outside own function body in v1.6.70; registry marked aggressive internal candidate.,AGGRESSIVE_INTERNAL_CANDIDATE,direct callers; string references; menu callbacks; triggers; HTML/google.script.run; external/library consumers; Dashboard Quality/Health checks,syntax; menu callback scan; Dashboard Quality; full workflow staging pass
groupMasterListRowsByPMR_,12810,REMOVED_IN_V1.6.71,No identifier reference outside own function body in v1.6.70; registry marked aggressive internal candidate.,AGGRESSIVE_INTERNAL_CANDIDATE,direct callers; string references; menu callbacks; triggers; HTML/google.script.run; external/library consumers; Dashboard Quality/Health checks,syntax; menu callback scan; Dashboard Quality; full workflow staging pass
hideRowsWithBlankDOB_,12815,REMOVED_IN_V1.6.71,No identifier reference outside own function body in v1.6.70; registry marked aggressive internal candidate.,AGGRESSIVE_INTERNAL_CANDIDATE,direct callers; string references; menu callbacks; triggers; HTML/google.script.run; external/library consumers; Dashboard Quality/Health checks,syntax; menu callback scan; Dashboard Quality; full workflow staging pass
prepareMasterListSortOrderBeforeFormatting_,12953,REMOVED_IN_V1.6.71,No identifier reference outside own function body in v1.6.70; registry marked aggressive internal candidate.,AGGRESSIVE_INTERNAL_CANDIDATE,direct callers; string references; menu callbacks; triggers; HTML/google.script.run; external/library consumers; Dashboard Quality/Health checks,syntax; menu callback scan; Dashboard Quality; full workflow staging pass
applyMasterListDisplaySettings_,12966,REMOVED_IN_V1.6.71,No identifier reference outside own function body in v1.6.70; registry marked aggressive internal candidate.,AGGRESSIVE_INTERNAL_CANDIDATE,direct callers; string references; menu callbacks; triggers; HTML/google.script.run; external/library consumers; Dashboard Quality/Health checks,syntax; menu callback scan; Dashboard Quality; full workflow staging pass
processMasterListFull_,12970,REMOVED_IN_V1.6.71,No identifier reference outside own function body in v1.6.70; registry marked aggressive internal candidate.,AGGRESSIVE_INTERNAL_CANDIDATE,direct callers; string references; menu callbacks; triggers; HTML/google.script.run; external/library consumers; Dashboard Quality/Health checks,syntax; menu callback scan; Dashboard Quality; full workflow staging pass
processMasterListDataOnly_,12978,REMOVED_IN_V1.6.71,No identifier reference outside own function body in v1.6.70; registry marked aggressive internal candidate.,AGGRESSIVE_INTERNAL_CANDIDATE,direct callers; string references; menu callbacks; triggers; HTML/google.script.run; external/library consumers; Dashboard Quality/Health checks,syntax; menu callback scan; Dashboard Quality; full workflow staging pass
getPMRsForMonthlyChangeSections_,13173,REMOVED_IN_V1.6.71,No identifier reference outside own function body in v1.6.70; registry marked aggressive internal candidate.,AGGRESSIVE_INTERNAL_CANDIDATE,direct callers; string references; menu callbacks; triggers; HTML/google.script.run; external/library consumers; Dashboard Quality/Health checks,syntax; menu callback scan; Dashboard Quality; full workflow staging pass
deletePMRBlocksFromMasterListBySet_,13184,REMOVED_IN_V1.6.71,No identifier reference outside own function body in v1.6.70; registry marked aggressive internal candidate.,AGGRESSIVE_INTERNAL_CANDIDATE,direct callers; string references; menu callbacks; triggers; HTML/google.script.run; external/library consumers; Dashboard Quality/Health checks,syntax; menu callback scan; Dashboard Quality; full workflow staging pass
updatePrimaryRowsFromDemoPForPMRs_,13199,REMOVED_IN_V1.6.71,No identifier reference outside own function body in v1.6.70; registry marked aggressive internal candidate.,AGGRESSIVE_INTERNAL_CANDIDATE,direct callers; string references; menu callbacks; triggers; HTML/google.script.run; external/library consumers; Dashboard Quality/Health checks,syntax; menu callback scan; Dashboard Quality; full workflow staging pass
mergeSecondaryRowsFromDemoPForPMRs_,13247,REMOVED_IN_V1.6.71,No identifier reference outside own function body in v1.6.70; registry marked aggressive internal candidate.,AGGRESSIVE_INTERNAL_CANDIDATE,direct callers; string references; menu callbacks; triggers; HTML/google.script.run; external/library consumers; Dashboard Quality/Health checks,syntax; menu callback scan; Dashboard Quality; full workflow staging pass
getMergeAuditParticipantName_,13483,REMOVED_IN_V1.6.71,No identifier reference outside own function body in v1.6.70; registry marked aggressive internal candidate.,AGGRESSIVE_INTERNAL_CANDIDATE,direct callers; string references; menu callbacks; triggers; HTML/google.script.run; external/library consumers; Dashboard Quality/Health checks,syntax; menu callback scan; Dashboard Quality; full workflow staging pass
buildMergeAuditContactSummary_,13510,REMOVED_IN_V1.6.71,No identifier reference outside own function body in v1.6.70; registry marked aggressive internal candidate.,AGGRESSIVE_INTERNAL_CANDIDATE,direct callers; string references; menu callbacks; triggers; HTML/google.script.run; external/library consumers; Dashboard Quality/Health checks,syntax; menu callback scan; Dashboard Quality; full workflow staging pass
buildMergeKeyMapForRows_,13621,REMOVED_IN_V1.6.71,No identifier reference outside own function body in v1.6.70; registry marked aggressive internal candidate.,AGGRESSIVE_INTERNAL_CANDIDATE,direct callers; string references; menu callbacks; triggers; HTML/google.script.run; external/library consumers; Dashboard Quality/Health checks,syntax; menu callback scan; Dashboard Quality; full workflow staging pass
processBlankContactSummariesOnDemoP_,13705,REMOVED_IN_V1.6.71,No identifier reference outside own function body in v1.6.70; registry marked aggressive internal candidate.,AGGRESSIVE_INTERNAL_CANDIDATE,direct callers; string references; menu callbacks; triggers; HTML/google.script.run; external/library consumers; Dashboard Quality/Health checks,syntax; menu callback scan; Dashboard Quality; full workflow staging pass
splitRawDataRowsIntoActiveAndDisenrolled_,13726,REMOVED_IN_V1.6.71,No identifier reference outside own function body in v1.6.70; registry marked aggressive internal candidate.,AGGRESSIVE_INTERNAL_CANDIDATE,direct callers; string references; menu callbacks; triggers; HTML/google.script.run; external/library consumers; Dashboard Quality/Health checks,syntax; menu callback scan; Dashboard Quality; full workflow staging pass
loadDisenrolledPMRSetForMonth_,13796,REMOVED_IN_V1.6.71,No identifier reference outside own function body in v1.6.70; registry marked aggressive internal candidate.,AGGRESSIVE_INTERNAL_CANDIDATE,direct callers; string references; menu callbacks; triggers; HTML/google.script.run; external/library consumers; Dashboard Quality/Health checks,syntax; menu callback scan; Dashboard Quality; full workflow staging pass
appendDisenrolledRowsFromRawDataToExclusion_,13814,REMOVED_IN_V1.6.71,No identifier reference outside own function body in v1.6.70; registry marked aggressive internal candidate.,AGGRESSIVE_INTERNAL_CANDIDATE,direct callers; string references; menu callbacks; triggers; HTML/google.script.run; external/library consumers; Dashboard Quality/Health checks,syntax; menu callback scan; Dashboard Quality; full workflow staging pass
collectPrimaryRowsFromPMRMap_,13945,REMOVED_IN_V1.6.71,No identifier reference outside own function body in v1.6.70; registry marked aggressive internal candidate.,AGGRESSIVE_INTERNAL_CANDIDATE,direct callers; string references; menu callbacks; triggers; HTML/google.script.run; external/library consumers; Dashboard Quality/Health checks,syntax; menu callback scan; Dashboard Quality; full workflow staging pass
removeDisenrolledPMRBlocksFromMasterUsingDemoP_,14183,REMOVED_IN_V1.6.71,No identifier reference outside own function body in v1.6.70; registry marked aggressive internal candidate.,AGGRESSIVE_INTERNAL_CANDIDATE,direct callers; string references; menu callbacks; triggers; HTML/google.script.run; external/library consumers; Dashboard Quality/Health checks,syntax; menu callback scan; Dashboard Quality; full workflow staging pass
applyDisenrolledExclusionCreateFormattingOnly_,14223,REMOVED_IN_V1.6.71,No identifier reference outside own function body in v1.6.70; registry marked aggressive internal candidate.,AGGRESSIVE_INTERNAL_CANDIDATE,direct callers; string references; menu callbacks; triggers; HTML/google.script.run; external/library consumers; Dashboard Quality/Health checks,syntax; menu callback scan; Dashboard Quality; full workflow staging pass
getPreviousDemoPSheet_,14354,REMOVED_IN_V1.6.71,No identifier reference outside own function body in v1.6.70; registry marked aggressive internal candidate.,AGGRESSIVE_INTERNAL_CANDIDATE,direct callers; string references; menu callbacks; triggers; HTML/google.script.run; external/library consumers; Dashboard Quality/Health checks,syntax; menu callback scan; Dashboard Quality; full workflow staging pass
getDashboardQualitySectionLastRunMillis_,14735,REMOVED_IN_V1.6.71,No identifier reference outside own function body in v1.6.70; registry marked aggressive internal candidate.,AGGRESSIVE_INTERNAL_CANDIDATE,direct callers; string references; menu callbacks; triggers; HTML/google.script.run; external/library consumers; Dashboard Quality/Health checks,syntax; menu callback scan; Dashboard Quality; full workflow staging pass
dashboardQualitySectionRanWithinLastHour_,14745,REMOVED_IN_V1.6.71,No identifier reference outside own function body in v1.6.70; registry marked aggressive internal candidate.,AGGRESSIVE_INTERNAL_CANDIDATE,direct callers; string references; menu callbacks; triggers; HTML/google.script.run; external/library consumers; Dashboard Quality/Health checks,syntax; menu callback scan; Dashboard Quality; full workflow staging pass
getDashboardQualitySectionRegistry_,14802,REMOVED_IN_V1.6.71,No identifier reference outside own function body in v1.6.70; registry marked aggressive internal candidate.,AGGRESSIVE_INTERNAL_CANDIDATE,direct callers; string references; menu callbacks; triggers; HTML/google.script.run; external/library consumers; Dashboard Quality/Health checks,syntax; menu callback scan; Dashboard Quality; full workflow staging pass
ensureDashboardQualitySectionShells_,15279,REMOVED_IN_V1.6.71,No identifier reference outside own function body in v1.6.70; registry marked aggressive internal candidate.,AGGRESSIVE_INTERNAL_CANDIDATE,direct callers; string references; menu callbacks; triggers; HTML/google.script.run; external/library consumers; Dashboard Quality/Health checks,syntax; menu callback scan; Dashboard Quality; full workflow staging pass
normalizeDashboardQualityHeaderLabels_,15349,REMOVED_IN_V1.6.71,No identifier reference outside own function body in v1.6.70; registry marked aggressive internal candidate.,AGGRESSIVE_INTERNAL_CANDIDATE,direct callers; string references; menu callbacks; triggers; HTML/google.script.run; external/library consumers; Dashboard Quality/Health checks,syntax; menu callback scan; Dashboard Quality; full workflow staging pass
normalizeDashboardQualityDataRows_,15433,REMOVED_IN_V1.6.71,No identifier reference outside own function body in v1.6.70; registry marked aggressive internal candidate.,AGGRESSIVE_INTERNAL_CANDIDATE,direct callers; string references; menu callbacks; triggers; HTML/google.script.run; external/library consumers; Dashboard Quality/Health checks,syntax; menu callback scan; Dashboard Quality; full workflow staging pass
getStatusFromDashboardQualityRows_,15464,REMOVED_IN_V1.6.71,No identifier reference outside own function body in v1.6.70; registry marked aggressive internal candidate.,AGGRESSIVE_INTERNAL_CANDIDATE,direct callers; string references; menu callbacks; triggers; HTML/google.script.run; external/library consumers; Dashboard Quality/Health checks,syntax; menu callback scan; Dashboard Quality; full workflow staging pass
getMostRecentTimingDurationForSectionKey_,15483,REMOVED_IN_V1.6.71,No identifier reference outside own function body in v1.6.70; registry marked aggressive internal candidate.,AGGRESSIVE_INTERNAL_CANDIDATE,direct callers; string references; menu callbacks; triggers; HTML/google.script.run; external/library consumers; Dashboard Quality/Health checks,syntax; menu callback scan; Dashboard Quality; full workflow staging pass
buildDatedDisenrolledOutputName_,15635,REMOVED_IN_V1.6.71,No identifier reference outside own function body in v1.6.70; registry marked aggressive internal candidate.,AGGRESSIVE_INTERNAL_CANDIDATE,direct callers; string references; menu callbacks; triggers; HTML/google.script.run; external/library consumers; Dashboard Quality/Health checks,syntax; menu callback scan; Dashboard Quality; full workflow staging pass
updateDashboardQualitySummaryTimingAndSignoffSections_,15686,REMOVED_IN_V1.6.71,No identifier reference outside own function body in v1.6.70; registry marked aggressive internal candidate.,AGGRESSIVE_INTERNAL_CANDIDATE,direct callers; string references; menu callbacks; triggers; HTML/google.script.run; external/library consumers; Dashboard Quality/Health checks,syntax; menu callback scan; Dashboard Quality; full workflow staging pass
updateDashboardQualityTimingSummarySection_,15715,REMOVED_IN_V1.6.71,No identifier reference outside own function body in v1.6.70; registry marked aggressive internal candidate.,AGGRESSIVE_INTERNAL_CANDIDATE,direct callers; string references; menu callbacks; triggers; HTML/google.script.run; external/library consumers; Dashboard Quality/Health checks,syntax; menu callback scan; Dashboard Quality; full workflow staging pass
getReportOverallStatus_,16125,REMOVED_IN_V1.6.71,No identifier reference outside own function body in v1.6.70; registry marked aggressive internal candidate.,AGGRESSIVE_INTERNAL_CANDIDATE,direct callers; string references; menu callbacks; triggers; HTML/google.script.run; external/library consumers; Dashboard Quality/Health checks,syntax; menu callback scan; Dashboard Quality; full workflow staging pass
getReportFailureNotes_,16141,REMOVED_IN_V1.6.71,No identifier reference outside own function body in v1.6.70; registry marked aggressive internal candidate.,AGGRESSIVE_INTERNAL_CANDIDATE,direct callers; string references; menu callbacks; triggers; HTML/google.script.run; external/library consumers; Dashboard Quality/Health checks,syntax; menu callback scan; Dashboard Quality; full workflow staging pass
normalizeFrameworkHealthCheckRows_,16226,REMOVED_IN_V1.6.71,No identifier reference outside own function body in v1.6.70; registry marked aggressive internal candidate.,AGGRESSIVE_INTERNAL_CANDIDATE,direct callers; string references; menu callbacks; triggers; HTML/google.script.run; external/library consumers; Dashboard Quality/Health checks,syntax; menu callback scan; Dashboard Quality; full workflow staging pass
getRequiredFrameworkDashboardFunctionNames_,16332,REMOVED_IN_V1.6.71,No identifier reference outside own function body in v1.6.70; registry marked aggressive internal candidate.,AGGRESSIVE_INTERNAL_CANDIDATE,direct callers; string references; menu callbacks; triggers; HTML/google.script.run; external/library consumers; Dashboard Quality/Health checks,syntax; menu callback scan; Dashboard Quality; full workflow staging pass
isWorkflowBusy_,16468,REMOVED_IN_V1.6.71,No identifier reference outside own function body in v1.6.70; registry marked aggressive internal candidate.,AGGRESSIVE_INTERNAL_CANDIDATE,direct callers; string references; menu callbacks; triggers; HTML/google.script.run; external/library consumers; Dashboard Quality/Health checks,syntax; menu callback scan; Dashboard Quality; full workflow staging pass
trimTimingReportRows_,16544,REMOVED_IN_V1.6.71,No identifier reference outside own function body in v1.6.70; registry marked aggressive internal candidate.,AGGRESSIVE_INTERNAL_CANDIDATE,direct callers; string references; menu callbacks; triggers; HTML/google.script.run; external/library consumers; Dashboard Quality/Health checks,syntax; menu callback scan; Dashboard Quality; full workflow staging pass
compareSheetNamesByGlobalOrder_,12196,RETAINED_FOR_REFERENCE_REVIEW,external_or_string_reference_found_in_v1.6.70,AGGRESSIVE_INTERNAL_CANDIDATE,direct callers; string references; menu callbacks; triggers; HTML/google.script.run; external/library consumers; Dashboard Quality/Health checks,syntax; menu callback scan; Dashboard Quality; full workflow staging pass
compareSheetNamesByMonthThenGlobalOrder_,12204,RETAINED_FOR_REFERENCE_REVIEW,external_or_string_reference_found_in_v1.6.70,AGGRESSIVE_INTERNAL_CANDIDATE,direct callers; string references; menu callbacks; triggers; HTML/google.script.run; external/library consumers; Dashboard Quality/Health checks,syntax; menu callback scan; Dashboard Quality; full workflow staging pass
